,기간,미국금리,한국금리,수출금액,수입금액,대미국수출금액,대미국수입금액,환율
0,2019-01,2.5,1.75,46168934,45153389,6209466,5290688,1122.0
1,2019-02,2.5,1.75,39481803,36651437,5442457,4371194,1122.45
2,2019-03,2.5,1.75,47003206,41992349,6319152,5022184,1130.72
3,2019-04,2.5,1.75,48781156,45047164,6158443,5585755,1140.95
4,2019-05,2.5,1.75,45703948,43619667,6500301,5512696,1183.29
5,2019-06,2.5,1.75,44008404,40104812,6249176,4671519,1175.62
6,2019-07,2.5,1.75,46078221,43762245,6113230,5383261,1175.31
7,2019-08,2.25,1.5,44020065,42457250,5619803,5175083,1208.98
8,2019-09,2.25,1.5,44629053,38741473,5690676,4758785,1197.55
9,2019-10,2.0,1.5,46648756,41396517,6357758,4963127,1184.13
10,2019-11,1.75,1.25,44040722,40729215,6265034,5273129,1167.45
11,2019-12,1.75,1.25,45668341,43687430,6418400,5871143,1175.84
12,2020-01,1.75,1.25,43103061,42718100,5740347,5577076,1164.28
13,2020-02,1.75,1.25,40911819,36977247,5931572,5435012,1193.79
14,2020-03,1.75,1.25,46167204,41803860,7281215,5371871,1220.09
15,2020-04,0.25,0.75,36270183,37932611,5277226,5041816,1225.22
16,2020-05,0.25,0.75,34854511,34661974,4589358,4292824,1228.67
17,2020-06,0.25,0.75,39214071,35794860,5735515,4597451,1210.01
18,2020-07,0.25,0.5,42785144,38849185,6596979,4445079,1198.9
19,2020-08,0.25,0.5,39469231,35817929,5581925,4614340,1186.84
20,2020-09,0.25,0.5,47819948,39400190,6997554,4654363,1178.8
21,2020-10,0.25,0.5,44818534,39093795,6562209,4363458,1144.68
22,2020-11,0.25,0.5,45751883,39944763,6664272,4188104,1116.76
23,2020-12,0.25,0.5,51332449,44638246,7157647,4910784,1095.13
24,2021-01,0.25,0.5,48006974,44456822,8412355,5018162,1097.49
25,2021-02,0.25,0.5,44706907,42404636,6396235,5761028,1111.72
26,2021-03,0.25,0.5,53690914,49742555,7970756,6221033,1131.02
27,2021-04,0.25,0.5,51225991,50891152,7557229,6440357,1119.4
28,2021-05,0.25,0.5,50725161,47910522,7448016,6436130,1123.28
29,2021-06,0.25,0.5,54778905,50429027,8717226,6489351,1121.3
30,2021-07,0.25,0.5,55461518,53676256,8724016,6339477,1143.98
31,2021-08,0.25,0.5,53165104,51581093,7704224,6210232,1160.34
32,2021-09,0.25,0.75,55913862,51636341,7983934,5959730,1169.54
33,2021-10,0.25,0.75,55660373,53847824,8066783,5995841,1182.82
34,2021-11,0.25,0.75,60330542,57357549,8133640,6640496,1182.91
35,2021-12,0.25,1.0,60734117,61159671,8787542,5701577,1183.7
36,2022-01,0.25,1.0,55460865,60363481,8571296,7095110,1194.0
37,2022-02,0.25,1.25,54154313,53133762,7742876,5960835,1198.34
38,2022-03,0.25,1.25,63785078,63593038,9639298,6994664,1221.03
39,2022-04,0.5,1.25,57849157,60326206,9603983,6604273,1232.34
40,2022-05,0.5,1.5,61579891,63194249,9608829,7196330,1269.88
41,2022-06,1.0,1.75,57625856,60200435,9776635,6779151,1277.34
